place-spmnl,Green-C,427B1D
place-eliot,Green-D,427B1D
place-harvd,Green-B,427B1D
place-tapst,Green-C,427B1D
place-stplb,Green-B,427B1D
place-boyls,Green-D,427B1D
place-capst,Mattapan,E12D27
place-lngmd,Green-E,427B1D
place-orhte,Blue,2F5DA6
place-bland,Green-B,427B1D
place-tumnl,Orange,E87200
place-armnl,Green-C,427B1D
place-buwst,Green-B,427B1D
place-astao,Orange,E87200
place-knncl,Red,E12D27
place-harsq,Red,E12D27
place-haecl,Green-D,427B1D
place-lake,Green-B,427B1D
place-wrnst,Green-B,427B1D
place-kencl,Green-C,427B1D
place-wtcst,742,555555
place-prmnl,Green-E,427B1D
place-jaksn,Orange,E87200
place-gover,Green-D,427B1D
place-north,Orange,E87200
place-engav,Green-C,427B1D
place-chmnl,Red,E12D27
place-gover,Green-E,427B1D
place-north,Green-C,427B1D
place-hymnl,Green-D,427B1D
place-welln,Orange,E87200
place-dwnxg,Red,E12D27
place-stpul,Green-C,427B1D
place-alsgr,Green-B,427B1D
place-haecl,Green-E,427B1D
place-grigg,Green-B,427B1D
place-state,Blue,2F5DA6
place-coecl,Green-B,427B1D
place-longw,Green-D,427B1D
place-fenwy,Green-D,427B1D
place-bcnfd,Green-D,427B1D
place-boyls,Green-E,427B1D
place-chill,Green-B,427B1D
place-lech,Green-B,427B1D
place-bucen,Green-B,427B1D
place-cool,Green-C,427B1D
place-wascm,Green-B,427B1D
place-hwsst,Green-C,427B1D
place-wtcst,746,555555
place-fldcr,Red,E12D27
place-coecl,Green-D,427B1D
place-newto,Green-D,427B1D
place-bvmnl,Green-D,427B1D
place-bcnwa,Green-C,427B1D
place-nuniv,Green-E,427B1D
place-andrw,Red,E12D27
place-wimnl,Blue,2F5DA6
place-qamnl,Red,E12D27
place-lech,Green-D,427B1D
place-portr,Red,E12D27
place-sstat,741,555555
place-pktrm,Green-C,427B1D
place-gover,Blue,2F5DA6
place-brntn,Red,E12D27
place-ogmnl,Orange,E87200
place-hymnl,Green-B,427B1D
place-crtst,741,555555
place-clmnl,Green-C,427B1D
place-babck,Green-B,427B1D
place-haecl,Green-B,427B1D
place-river,Green-D,427B1D
place-nqncy,Red,E12D27
place-gover,Green-B,427B1D
place-sull,Orange,E87200
place-woodl,Green-D,427B1D
place-rugg,Orange,E87200
place-wondl,Blue,2F5DA6
place-valrd,Mattapan,E12D27
place-masta,Orange,E87200
place-boyls,Green-B,427B1D
place-lech,Green-E,427B1D
place-sdmnl,Blue,2F5DA6
place-cedgr,Mattapan,E12D27
place-rsmnl,Green-D,427B1D
place-coecl,Green-E,427B1D
place-tumnl,751,555555
place-matt,Mattapan,E12D27
place-asmnl,Mattapan,E12D27
place-fenwd,Green-E,427B1D
place-rcmnl,Orange,E87200
place-buest,Green-B,427B1D
place-spmnl,Green-B,427B1D
place-sstat,746,555555
place-armnl,Green-B,427B1D
place-cntsq,Red,E12D27
place-asmnl,Red,E12D27
place-crtst,746,555555
place-pktrm,Red,E12D27
place-denrd,Green-C,427B1D
place-mispk,Green-E,427B1D
place-kntst,Green-C,427B1D
place-rvrwy,Green-E,427B1D
place-cenav,Mattapan,E12D27
place-newtn,Green-D,427B1D
place-kencl,Green-B,427B1D
place-tumnl,749,555555
place-pktrm,Green-E,427B1D
place-sstat,Red,E12D27
place-sstat,742,555555
place-mvbcl,Blue,2F5DA6
place-davis,Red,E12D27
place-pktrm,Green-D,427B1D
place-north,Green-B,427B1D
place-sbmnl,Orange,E87200
place-crtst,742,555555
place-bckhl,Green-E,427B1D
place-mfa,Green-E,427B1D
place-state,Orange,E87200
place-smmnl,Red,E12D27
place-chhil,Green-D,427B1D
place-coecl,Green-C,427B1D
place-plsgr,Green-B,427B1D
place-brmnl,Green-E,427B1D
place-alfcl,Red,E12D27
place-lech,Green-C,427B1D
place-butlr,Mattapan,E12D27
place-bmmnl,Blue,2F5DA6
place-symcl,Green-E,427B1D
place-mlmnl,Orange,E87200
place-waban,Green-D,427B1D
place-armnl,Green-E,427B1D
place-rbmnl,Blue,2F5DA6
place-qnctr,Red,E12D27
place-bbsta,Orange,E87200
place-dwnxg,Orange,E87200
place-spmnl,Green-E,427B1D
place-brdwy,Red,E12D27
place-jfk,Red,E12D27
place-pktrm,Green-B,427B1D
place-shmnl,Red,E12D27
place-north,Green-D,427B1D
place-sumav,Green-C,427B1D
place-brkhl,Green-D,427B1D
place-brico,Green-B,427B1D
place-sougr,Green-B,427B1D
place-hymnl,Green-C,427B1D
place-haecl,Orange,E87200
place-fbkst,Green-C,427B1D
place-bndhl,Green-C,427B1D
place-wlsta,Red,E12D27
place-chncl,Orange,E87200
place-grnst,Orange,E87200
place-bomnl,Blue,2F5DA6
place-haecl,Green-C,427B1D
place-wtcst,741,555555
place-smary,Green-C,427B1D
place-kencl,Green-D,427B1D
place-sthld,Green-B,427B1D
place-hsmnl,Green-E,427B1D
place-gover,Green-C,427B1D
place-north,Green-E,427B1D
place-boyls,Green-C,427B1D
place-aqucl,Blue,2F5DA6
place-spmnl,Green-D,427B1D
place-forhl,Orange,E87200
place-miltt,Mattapan,E12D27
place-ccmnl,Orange,E87200
place-armnl,Green-D,427B1D
place-aport,Blue,2F5DA6
place-chswk,Green-B,427B1D
