12631,Silver,CCCCCC
12906,Orange,f89038
12930,Blue,0d7bba
10352,Blue,0d7bba
22094,Red,e94333
12906,Silver,CCCCCC
12900,Blue,0d7bba
7812,Blue,0d7bba
4664,Silver,CCCCCC
21029,Red,e94333
12631,Orange,f89038
12874,Red,e94333
9838,Yellow,fde310
3542,Red,e94333
5759,Green,009d57
6553,Blue,0d7bba
7588,Blue,0d7bba
5017,Silver,CCCCCC
4912,Red,e94333
4905,Red,e94333
12928,Blue,0d7bba
5017,Orange,f89038
39924,Silver,CCCCCC
9360,Red,e94333
7932,Blue,0d7bba
6671,Red,e94333
7686,Green,009d57
9720,Blue,0d7bba
13107,Silver,CCCCCC
11602,Orange,f89038
6963,Red,e94333
999,Orange,f89038
1305,Blue,0d7bba
12488,Orange,f89038
4387,Red,e94333
8040,Blue,0d7bba
25553,Green,009d57
12488,Silver,CCCCCC
4364,Red,e94333
4941,Red,e94333
5017,Green,009d57
4697,Silver,CCCCCC
7588,Red,e94333
3969,Red,e94333
12282,Silver,CCCCCC
308,Green,009d57
13986,Blue,0d7bba
11332,Blue,0d7bba
4655,Green,009d57
12282,Orange,f89038
4710,Red,e94333
7333,Silver,CCCCCC
20078,Red,e94333
14816,Blue,0d7bba
6479,Silver,CCCCCC
13995,Yellow,fde310
4613,Blue,0d7bba
4567,Red,e94333
25553,Yellow,fde310
6479,Orange,f89038
7376,Green,009d57
7474,Red,e94333
5017,Yellow,fde310
7333,Orange,f89038
5030,Orange,f89038
308,Yellow,fde310
12922,Orange,f89038
7671,Orange,f89038
12926,Blue,0d7bba
5110,Blue,0d7bba
10142,Green,009d57
5305,Red,e94333
7671,Silver,CCCCCC
12922,Silver,CCCCCC
6479,Blue,0d7bba
4613,Silver,CCCCCC
12928,Yellow,fde310
7333,Blue,0d7bba
2124,Orange,f89038
5305,Yellow,fde310
11610,Orange,f89038
11886,Green,009d57
12872,Red,e94333
7477,Yellow,fde310
3034,Yellow,fde310
7671,Blue,0d7bba
10344,Yellow,fde310
5110,Silver,CCCCCC
10776,Yellow,fde310
5110,Orange,f89038
11731,Yellow,fde310
39928,Silver,CCCCCC
9720,Yellow,fde310
4956,Red,e94333
39925,Silver,CCCCCC
7474,Yellow,fde310
12648,Silver,CCCCCC
16051,Red,e94333
4697,Blue,0d7bba
8040,Orange,f89038
12930,Yellow,fde310
2658,Orange,f89038
1305,Silver,CCCCCC
8040,Silver,CCCCCC
5660,Red,e94333
5635,Red,e94333
5305,Green,009d57
9838,Blue,0d7bba
12648,Orange,f89038
21110,Green,009d57
9880,Yellow,fde310
11886,Yellow,fde310
11332,Silver,CCCCCC
3034,Green,009d57
7477,Green,009d57
10344,Green,009d57
6751,Green,009d57
11731,Green,009d57
11332,Orange,f89038
7474,Green,009d57
25552,Yellow,fde310
13995,Blue,0d7bba
11733,Yellow,fde310
5017,Blue,0d7bba
7681,Green,009d57
1418,Yellow,fde310
4271,Red,e94333
13107,Blue,0d7bba
7932,Orange,f89038
7932,Silver,CCCCCC
25426,Orange,f89038
4664,Blue,0d7bba
25552,Green,009d57
39926,Silver,CCCCCC
12906,Blue,0d7bba
12900,Silver,CCCCCC
7812,Silver,CCCCCC
7993,Red,e94333
12900,Orange,f89038
7812,Orange,f89038
11733,Green,009d57
2640,Red,e94333
1418,Green,009d57
6553,Silver,CCCCCC
7588,Silver,CCCCCC
13986,Yellow,fde310
39927,Silver,CCCCCC
7588,Orange,f89038
14118,Orange,f89038
6553,Orange,f89038
