101,103,route,90
101,103,route,150
101,103,route,210
103,101,route,90
103,104,route,90
104,103,route,90
104,103,route,120
104,103,route,150
104,103,route,180
104,103,route,210
104,103,route,240
104,103,route,270
104,103,route,300
104,103,route,330
104,103,route,360
104,103,route,390
104,103,route,450
104,106,route,90
106,104,route,90
106,107,route,90
107,106,route,90
107,106,route,120
107,108,route,60
108,107,route,60
108,107,route,90
108,109,route,90
108,109,route,150
109,108,route,90
109,110,route,90
110,109,route,60
110,109,route,90
110,109,route,120
110,109,route,180
110,109,route,240
110,111,route,90
111,110,route,90
111,112,route,120
111,112,route,180
112,111,route,120
112,113,route,90
112,113,route,120
112,A09,transfer,180
113,112,route,90
113,112,route,120
113,114,route,120
114,113,route,120
114,115,route,90
114,115,route,150
114,115,route,180
114,115,route,210
115,114,route,90
115,116,route,90
115,116,route,120
116,115,route,120
116,117,route,120
116,117,route,150
117,116,route,120
117,116,route,150
117,118,route,60
118,117,route,60
118,119,route,60
118,119,route,90
119,118,route,90
119,120,route,120
119,120,route,150
119,120,route,180
120,119,route,90
120,121,route,120
120,123,route,150
120,123,route,180
120,123,route,210
120,123,route,270
120,123,route,330
120,123,route,390
120,123,route,450
120,227,route,240
120,227,route,270
121,120,route,90
121,120,route,120
121,122,route,60
121,122,route,90
122,121,route,60
122,121,route,90
122,123,route,90
123,120,route,150
123,120,route,180
123,120,route,210
123,120,route,270
123,120,route,300
123,122,route,90
123,122,route,120
123,124,route,90
123,127,route,240
123,127,route,270
123,127,route,300
123,127,route,330
124,123,route,60
124,123,route,90
124,125,route,90
125,124,route,90
125,126,route,120
125,A24,transfer,180
126,125,route,120
126,125,route,150
126,127,route,90
126,127,route,120
127,123,route,210
127,123,route,240
127,123,route,270
127,126,route,120
127,128,route,60
127,128,route,90
127,725,transfer,180
127,902,transfer,180
127,A27,transfer,300
127,R16,transfer,180
128,127,route,60
128,127,route,90
128,127,route,120
128,129,route,60
128,129,route,90
128,132,route,150
128,132,route,180
128,132,route,210
129,128,route,60
129,128,route,90
129,130,route,60
130,129,route,60
130,129,route,90
130,131,route,60
131,130,route,60
131,132,route,60
132,128,route,150
132,128,route,180
132,131,route,60
132,133,route,90
132,137,route,270
132,137,route,300
132,137,route,330
132,137,route,360
132,D19,transfer,300
132,L02,transfer,180
133,132,route,90
133,132,route,120
133,134,route,90
133,134,route,120
134,133,route,90
134,133,route,120
134,135,route,90
134,135,route,120
135,134,route,90
135,134,route,120
135,136,route,60
136,135,route,60
136,137,route,60
136,137,route,120
136,137,route,180
136,137,route,210
136,137,route,270
137,132,route,240
137,132,route,270
137,132,route,300
137,136,route,60
137,136,route,90
137,138,route,90
137,228,route,60
137,228,route,90
138,137,route,60
138,137,route,90
138,137,route,120
138,137,route,150
138,137,route,180
138,139,route,150
138,139,route,210
139,138,route,60
139,140,route,150
140,139,route,150
140,R27,transfer,120
201,204,route,90
201,204,route,120
201,204,route,150
201,204,route,210
201,204,route,240
201,204,route,270
201,204,route,330
201,204,route,360
201,204,route,390
201,204,route,420
204,201,route,120
204,205,route,90
205,204,route,90
205,204,route,120
205,204,route,150
205,204,route,180
205,204,route,210
205,204,route,270
205,204,route,300
205,204,route,330
205,204,route,360
205,204,route,390
205,204,route,450
205,204,route,480
205,204,route,510
205,204,route,570
205,204,route,690
205,206,route,60
205,206,route,90
206,205,route,60
206,205,route,90
206,207,route,60
206,207,route,90
207,206,route,60
207,206,route,90
207,208,route,90
207,208,route,120
208,207,route,90
208,207,route,120
208,209,route,90
208,209,route,120
209,208,route,90
209,208,route,120
209,210,route,60
209,210,route,90
210,209,route,60
210,209,route,90
210,211,route,120
211,210,route,120
211,210,route,150
211,212,route,90
211,212,route,120
211,212,route,150
212,211,route,120
212,211,route,150
212,213,route,120
212,213,route,150
212,213,route,180
212,213,route,210
212,213,route,240
212,213,route,300
213,212,route,120
213,214,route,90
213,214,route,120
213,221,route,660
213,221,route,690
213,505,route,210
214,213,route,90
214,213,route,120
214,213,route,150
214,213,route,180
214,213,route,210
214,213,route,240
214,215,route,120
215,214,route,90
215,214,route,120
215,216,route,120
215,216,route,150
215,216,route,180
216,215,route,120
216,217,route,90
216,217,route,120
217,216,route,90
217,216,route,120
217,218,route,60
217,218,route,90
218,217,route,60
218,219,route,60
218,219,route,90
219,218,route,60
219,218,route,90
219,220,route,90
219,220,route,120
220,219,route,90
220,221,route,120
220,221,route,150
221,213,route,510
221,213,route,540
221,213,route,570
221,213,route,600
221,213,route,630
221,213,route,690
221,213,route,720
221,213,route,750
221,213,route,840
221,213,route,870
221,220,route,120
221,220,route,150
221,222,route,90
221,222,route,120
221,222,route,150
221,222,route,210
222,221,route,90
222,221,route,120
222,224,route,180
222,224,route,210
222,224,route,240
222,224,route,270
222,224,route,300
222,224,route,330
222,224,route,390
222,415,transfer,180
222,416,route,150
222,416,route,180
222,416,route,210
222,416,route,240
222,416,route,270
222,416,route,300
222,416,route,330
222,416,route,360
224,222,route,180
224,222,route,210
224,222,route,240
224,222,route,270
224,222,route,330
224,222,route,360
224,225,route,90
224,225,route,120
224,302,route,120
224,302,route,150
224,302,route,180
224,302,route,210
224,302,route,240
224,302,route,270
224,302,route,300
224,302,route,360
224,302,route,390
224,302,route,420
224,302,route,480
225,224,route,90
225,224,route,120
225,224,route,150
225,224,route,180
225,224,route,210
225,224,route,240
225,224,route,270
225,226,route,90
226,225,route,90
226,227,route,60
227,120,route,240
227,120,route,270
227,120,route,300
227,120,route,330
227,226,route,60
228,137,route,60
228,137,route,90
228,137,route,120
228,137,route,150
228,229,route,120
228,229,route,150
228,A36,transfer,180
228,E01,transfer,180
229,228,route,120
229,228,route,150
229,230,route,60
229,230,route,90
229,418,transfer,300
229,A38,transfer,180
229,M22,transfer,300
230,229,route,60
230,229,route,90
230,231,route,270
230,231,route,300
231,230,route,180
231,230,route,210
231,232,route,60
231,232,route,90
232,231,route,90
232,231,route,120
232,233,route,60
232,233,route,90
232,423,transfer,300
232,R28,transfer,180
233,232,route,90
233,234,route,60
233,234,route,90
233,234,route,120
233,234,route,150
233,234,route,180
233,234,route,240
234,233,route,90
234,235,route,90
234,423,route,90
234,423,route,120
235,234,route,90
235,234,route,120
235,234,route,150
235,234,route,180
235,234,route,210
235,234,route,240
235,236,route,60
235,236,route,90
235,239,route,210
235,239,route,240
235,239,route,270
235,239,route,300
235,239,route,330
235,239,route,360
235,D24,transfer,180
235,R31,transfer,180
236,235,route,60
236,235,route,90
236,237,route,90
236,237,route,120
237,236,route,120
237,238,route,90
237,238,route,120
238,237,route,90
238,237,route,120
238,239,route,90
238,239,route,120
238,239,route,150
238,239,route,180
238,239,route,210
238,239,route,240
238,239,route,270
239,235,route,240
239,235,route,270
239,235,route,300
239,235,route,330
239,235,route,360
239,238,route,90
239,238,route,120
239,241,route,150
239,241,route,180
239,248,route,90
239,248,route,150
239,250,route,210
239,250,route,330
239,250,route,420
239,250,route,630
239,S04,transfer,180
241,239,route,150
241,239,route,180
241,239,route,210
241,239,route,240
241,239,route,270
241,239,route,330
241,242,route,60
241,242,route,90
242,241,route,60
242,241,route,90
242,241,route,150
242,243,route,90
243,242,route,90
243,242,route,120
243,244,route,90
243,244,route,120
243,244,route,150
243,244,route,180
243,244,route,210
243,244,route,240
243,244,route,270
243,244,route,300
243,244,route,330
243,244,route,390
243,244,route,450
243,244,route,510
243,244,route,570
244,243,route,60
244,243,route,90
244,243,route,120
244,245,route,90
244,245,route,120
245,244,route,90
245,244,route,120
245,244,route,150
245,244,route,180
245,244,route,210
245,244,route,240
245,246,route,90
246,245,route,60
246,247,route,120
246,247,route,150
247,246,route,120
248,239,route,90
248,239,route,120
248,239,route,150
248,239,route,180
248,239,route,210
248,239,route,240
248,239,route,270
248,249,route,90
249,248,route,90
249,248,route,120
249,250,route,120
249,250,route,150
249,250,route,180
249,250,route,210
249,250,route,240
249,250,route,270
249,250,route,300
249,250,route,330
249,250,route,360
249,250,route,480
249,250,route,540
249,250,route,600
249,250,route,720
249,250,route,750
250,239,route,180
250,239,route,210
250,239,route,240
250,239,route,270
250,239,route,300
250,239,route,330
250,249,route,120
250,249,route,150
250,251,route,150
250,251,route,180
251,250,route,150
251,250,route,180
251,250,route,210
251,250,route,240
251,250,route,270
251,250,route,300
251,250,route,330
251,250,route,360
251,252,route,90
252,251,route,90
252,251,route,120
252,253,route,90
252,253,route,120
253,252,route,90
253,252,route,120
253,254,route,60
254,253,route,60
254,253,route,90
254,255,route,90
254,255,route,120
254,L26,transfer,300
255,254,route,90
255,256,route,60
255,256,route,90
256,255,route,60
256,257,route,60
256,257,route,90
257,256,route,90
301,302,route,90
301,302,route,120
301,302,route,180
301,302,route,240
301,302,route,270
302,224,route,120
302,301,route,120
401,402,route,120
402,401,route,120
402,405,route,90
402,405,route,120
405,402,route,90
405,402,route,120
405,406,route,120
406,405,route,120
406,407,route,60
406,407,route,90
407,406,route,60
407,406,route,90
407,408,route,60
407,408,route,90
408,407,route,60
408,409,route,60
408,409,route,90
409,408,route,90
409,410,route,90
409,410,route,120
410,409,route,90
410,409,route,120
410,409,route,150
410,409,route,180
410,409,route,210
410,409,route,240
410,409,route,270
410,409,route,330
410,409,route,390
410,409,route,420
410,409,route,450
410,409,route,570
410,409,route,690
410,411,route,60
410,411,route,90
411,410,route,60
411,412,route,60
411,412,route,90
412,411,route,60
412,411,route,90
412,413,route,90
412,413,route,120
413,409,route,300
413,412,route,90
413,414,route,120
413,414,route,150
414,413,route,90
414,413,route,120
414,415,route,150
414,415,route,180
414,415,route,210
414,415,route,360
414,D11,transfer,180
415,222,transfer,180
415,414,route,90
415,414,route,150
415,416,route,90
415,416,route,120
415,621,route,270
415,621,route,330
415,621,route,360
415,621,route,390
416,222,route,150
416,222,route,300
416,415,route,90
416,415,route,120
416,415,route,210
416,415,route,240
416,415,route,330
416,415,route,360
416,415,route,450
416,415,route,570
416,415,route,690
416,621,route,120
416,621,route,150
416,621,route,180
416,621,route,210
416,621,route,240
416,621,route,270
416,621,route,330
418,229,transfer,300
418,419,route,60
418,419,route,90
418,640,route,90
418,640,route,120
418,640,route,150
418,A38,transfer,180
418,M22,transfer,300
419,418,route,60
419,418,route,90
419,420,route,60
419,420,route,90
420,419,route,60
420,419,route,90
420,423,route,300
420,423,route,330
423,232,transfer,300
423,234,route,90
423,234,route,120
423,234,route,150
423,234,route,180
423,234,route,210
423,420,route,300
423,420,route,330
423,420,route,360
423,R28,transfer,180
501,502,route,120
502,501,route,120
502,501,route,150
502,503,route,150
503,502,route,120
503,502,route,150
503,502,route,450
503,504,route,150
504,503,route,150
504,503,route,180
504,505,route,60
505,213,route,180
505,213,route,210
505,213,route,300
505,213,route,330
505,213,route,360
505,504,route,60
505,504,route,90
601,602,route,150
602,601,route,150
602,603,route,90
603,602,route,90
603,604,route,90
604,603,route,90
604,606,route,60
604,606,route,90
606,604,route,60
606,607,route,60
607,606,route,60
607,608,route,90
607,608,route,120
607,608,route,150
607,608,route,180
607,608,route,210
608,607,route,90
608,607,route,120
608,609,route,90
608,613,route,330
609,608,route,60
609,608,route,90
609,608,route,120
609,608,route,150
609,608,route,180
609,608,route,210
609,608,route,240
609,608,route,300
609,608,route,330
609,608,route,390
609,610,route,90
610,609,route,60
610,609,route,90
610,611,route,60
611,610,route,60
611,612,route,90
611,612,route,120
612,611,route,90
612,611,route,120
612,613,route,120
613,608,route,330
613,608,route,360
613,608,route,390
613,608,route,420
613,608,route,450
613,608,route,480
613,608,route,510
613,608,route,540
613,608,route,570
613,612,route,90
613,612,route,120
613,614,route,90
613,614,route,120
613,619,route,420
613,619,route,480
613,619,route,510
613,619,route,540
614,613,route,90
614,613,route,120
614,613,route,150
614,613,route,180
614,613,route,210
614,613,route,240
614,613,route,270
614,613,route,300
614,613,route,330
614,615,route,90
614,615,route,120
615,614,route,90
615,614,route,120
615,616,route,60
615,616,route,90
616,615,route,60
616,615,route,90
616,617,route,120
617,616,route,120
617,618,route,60
617,618,route,90
618,617,route,60
618,619,route,90
618,619,route,120
619,613,route,390
619,613,route,420
619,613,route,510
619,618,route,90
619,621,route,180
619,621,route,240
619,621,route,300
621,415,route,270
621,416,route,150
621,416,route,180
621,416,route,210
621,416,route,240
621,416,route,270
621,619,route,180
621,619,route,210
621,622,route,90
621,622,route,120
621,626,route,270
621,626,route,300
621,626,route,330
622,621,route,90
622,621,route,120
622,623,route,60
622,623,route,90
623,622,route,60
623,622,route,90
623,624,route,60
623,624,route,90
624,623,route,60
624,623,route,90
624,625,route,90
624,625,route,120
625,624,route,90
625,626,route,120
626,621,route,270
626,621,route,300
626,621,route,330
626,621,route,360
626,621,route,390
626,625,route,120
626,627,route,90
626,627,route,120
626,627,route,150
626,629,route,210
626,629,route,240
626,629,route,270
626,629,route,300
626,629,route,330
626,629,route,360
626,629,route,390
627,626,route,90
627,626,route,120
627,628,route,90
627,628,route,120
628,627,route,90
628,627,route,120
628,629,route,90
628,629,route,120
628,629,route,150
629,626,route,180
629,626,route,210
629,628,route,90
629,628,route,120
629,630,route,90
629,630,route,120
629,631,route,150
629,631,route,180
629,631,route,210
629,631,route,240
629,631,route,270
629,B08,transfer,300
629,R11,transfer,180
630,629,route,90
630,631,route,120
630,631,route,150
630,631,route,180
630,F11,transfer,180
631,629,route,120
631,629,route,150
631,630,route,90
631,630,route,120
631,632,route,120
631,635,route,210
631,635,route,240
631,635,route,270
631,635,route,300
631,635,route,330
631,723,transfer,180
631,901,transfer,180
632,631,route,120
632,633,route,60
632,633,route,90
633,632,route,60
633,632,route,90
633,634,route,60
633,634,route,90
634,633,route,60
634,633,route,90
634,635,route,90
634,635,route,120
635,631,route,210
635,631,route,240
635,631,route,270
635,631,route,300
635,634,route,90
635,634,route,120
635,636,route,60
635,636,route,90
635,640,route,270
635,640,route,300
635,640,route,330
635,640,route,360
635,640,route,390
635,L03,transfer,180
635,R20,transfer,180
636,635,route,60
636,635,route,90
636,637,route,60
636,637,route,90
637,636,route,90
637,638,route,60
637,638,route,90
637,D21,transfer,180
638,637,route,60
638,637,route,90
638,639,route,60
638,639,route,90
638,639,route,150
638,639,route,210
638,639,route,240
638,639,route,270
638,639,route,300
638,639,route,330
638,639,route,390
638,639,route,450
639,638,route,90
639,640,route,120
639,M20,transfer,180
639,Q01,transfer,180
639,R23,transfer,180
640,418,route,90
640,418,route,120
640,635,route,270
640,635,route,300
640,635,route,330
640,635,route,360
640,635,route,390
640,639,route,120
640,M21,transfer,180
701,702,route,150
701,702,route,180
701,702,route,210
701,702,route,240
701,702,route,270
702,701,route,210
702,705,route,90
702,705,route,120
702,705,route,180
702,705,route,210
702,705,route,240
702,707,route,210
702,707,route,240
702,707,route,270
702,707,route,300
702,707,route,360
702,707,route,390
705,702,route,120
705,702,route,150
705,702,route,180
705,702,route,210
705,702,route,240
705,702,route,270
705,702,route,300
705,702,route,330
705,702,route,390
705,702,route,450
705,706,route,60
705,706,route,90
706,705,route,60
706,705,route,90
706,705,route,120
706,707,route,60
706,707,route,90
707,702,route,210
707,702,route,240
707,702,route,270
707,702,route,300
707,702,route,330
707,702,route,360
707,702,route,420
707,706,route,60
707,706,route,90
707,708,route,60
707,708,route,90
707,712,route,210
707,712,route,240
708,707,route,60
708,707,route,90
708,709,route,60
708,709,route,90
709,708,route,60
709,708,route,90
709,710,route,60
709,710,route,90
709,710,route,120
710,709,route,60
710,711,route,90
710,G14,transfer,180
711,710,route,90
711,710,route,120
711,710,route,150
711,710,route,180
711,710,route,210
711,712,route,120
711,712,route,150
712,707,route,240
712,711,route,120
712,713,route,90
712,713,route,120
712,718,route,330
712,718,route,360
712,718,route,390
712,718,route,450
712,718,route,570
713,712,route,90
713,712,route,120
713,714,route,60
714,713,route,60
714,715,route,60
715,714,route,60
715,716,route,60
715,716,route,90
716,715,route,60
716,715,route,90
716,718,route,120
716,718,route,150
716,718,route,180
716,718,route,210
716,718,route,240
716,718,route,270
716,718,route,300
716,718,route,330
716,718,route,450
718,712,route,330
718,716,route,120
718,716,route,150
718,719,route,90
718,719,route,120
718,R09,transfer,0
719,718,route,90
719,718,route,120
719,720,route,90
719,720,route,120
719,F09,transfer,300
719,G22,transfer,180
720,719,route,90
720,719,route,120
720,721,route,60
721,720,route,30
721,720,route,60
721,723,route,270
721,723,route,300
721,723,route,330
723,631,transfer,180
723,721,route,270
723,721,route,300
723,721,route,330
723,724,route,90
723,901,transfer,300
724,723,route,60
724,723,route,90
724,725,route,90
724,725,route,120
724,725,route,150
724,725,route,180
724,725,route,210
724,725,route,240
724,D16,transfer,180
725,127,transfer,180
725,724,route,90
725,726,route,210
725,726,route,240
725,902,transfer,300
725,A27,transfer,180
725,R16,transfer,180
726,725,route,180
726,725,route,210
901,631,transfer,180
901,723,transfer,300
901,902,route,90
902,127,transfer,180
902,725,transfer,300
902,901,route,90
902,A27,transfer,300
902,R16,transfer,180
A02,A03,route,90
A02,A03,route,120
A02,A03,route,150
A03,A02,route,90
A03,A02,route,120
A03,A05,route,120
A03,A05,route,150
A05,A03,route,150
A05,A03,route,180
A05,A03,route,210
A05,A03,route,240
A05,A03,route,270
A05,A03,route,300
A05,A03,route,330
A05,A03,route,360
A05,A06,route,120
A06,A05,route,120
A06,A07,route,60
A07,A06,route,60
A07,A06,route,90
A07,A09,route,120
A07,A09,route,150
A07,A09,route,180
A07,A09,route,210
A07,A09,route,270
A09,112,transfer,180
A09,A07,route,120
A09,A10,route,60
A09,A10,route,90
A09,A12,route,210
A09,A12,route,240
A09,A12,route,270
A10,A09,route,90
A10,A09,route,120
A10,A09,route,210
A10,A09,route,240
A10,A11,route,60
A10,A11,route,90
A11,A10,route,90
A11,A12,route,90
A11,A12,route,120
A12,A09,route,180
A12,A09,route,210
A12,A09,route,240
A12,A09,route,270
A12,A09,route,300
A12,A09,route,330
A12,A09,route,360
A12,A09,route,390
A12,A09,route,420
A12,A11,route,90
A12,A14,route,90
A12,A14,route,120
A12,A14,route,150
A12,A15,route,210
A12,A15,route,240
A12,D13,transfer,180
A14,A12,route,90
A14,A12,route,120
A14,A12,route,150
A14,A12,route,180
A14,A12,route,210
A14,A12,route,240
A14,A15,route,90
A14,A15,route,120
A14,A15,route,150
A14,A15,route,180
A14,A15,route,210
A14,D13,route,90
A14,D13,route,120
A14,D13,route,150
A14,D13,route,180
A14,D13,route,240
A14,D13,route,270
A15,A12,route,150
A15,A12,route,180
A15,A12,route,210
A15,A12,route,240
A15,A12,route,300
A15,A14,route,90
A15,A14,route,120
A15,A14,route,150
A15,A14,route,180
A15,A14,route,210
A15,A14,route,240
A15,A14,route,270
A15,A14,route,300
A15,A16,route,90
A15,A24,route,480
A15,A24,route,510
A15,A24,route,540
A15,A24,route,570
A15,D13,route,210
A15,D13,route,240
A15,D13,route,270
A16,A15,route,90
A16,A15,route,120
A16,A15,route,150
A16,A15,route,180
A16,A15,route,210
A16,A15,route,240
A16,A17,route,90
A17,A16,route,90
A17,A18,route,60
A17,A18,route,90
A18,A17,route,60
A18,A19,route,60
A18,A19,route,90
A19,A18,route,90
A19,A20,route,90
A19,A20,route,120
A20,A19,route,90
A20,A21,route,90
A21,A20,route,90
A21,A22,route,90
A22,A21,route,90
A22,A24,route,90
A22,A24,route,120
A22,A24,route,150
A22,A24,route,180
A22,A24,route,210
A22,A24,route,330
A24,125,transfer,180
A24,A15,route,480
A24,A15,route,510
A24,A22,route,90
A24,A25,route,90
A24,A25,route,120
A24,A25,route,150
A24,A25,route,180
A24,A25,route,210
A24,A25,route,270
A24,A27,route,150
A24,A27,route,180
A24,A27,route,210
A24,A27,route,240
A24,A27,route,270
A24,A27,route,300
A24,D14,route,90
A24,D14,route,120
A25,A24,route,120
A25,A24,route,150
A25,A24,route,180
A25,A24,route,210
A25,A24,route,270
A25,A24,route,300
A25,A27,route,120
A25,A27,route,150
A25,A27,route,210
A25,A27,route,240
A25,D14,route,90
A25,D14,route,120
A25,D14,route,150
A25,D14,route,180
A25,D14,route,210
A25,D14,route,240
A27,127,transfer,300
A27,725,transfer,180
A27,902,transfer,300
A27,A24,route,180
A27,A24,route,210
A27,A24,route,240
A27,A25,route,90
A27,A25,route,120
A27,A25,route,150
A27,A25,route,180
A27,A25,route,210
A27,A25,route,240
A27,A25,route,270
A27,A28,route,60
A27,A28,route,90
A27,R16,transfer,300
A28,A27,route,60
A28,A27,route,90
A28,A27,route,120
A28,A27,route,150
A28,A27,route,180
A28,A27,route,210
A28,A27,route,240
A28,A30,route,90
A28,A30,route,120
A28,A31,route,150
A28,A31,route,180
A28,A31,route,210
A30,A28,route,90
A30,A28,route,120
A30,A28,route,150
A30,A31,route,90
A31,A28,route,180
A31,A28,route,210
A31,A30,route,90
A31,A32,route,120
A31,A32,route,150
A31,A32,route,180
A31,L01,transfer,90
A32,A31,route,120
A32,A31,route,150
A32,A31,route,180
A32,A33,route,90
A32,A34,route,150
A32,A34,route,180
A32,A34,route,210
A32,A34,route,240
A32,A34,route,270
A32,D20,transfer,180
A33,A32,route,120
A33,A32,route,150
A33,A34,route,90
A33,A34,route,120
A33,A34,route,150
A33,A34,route,180
A33,A34,route,210
A33,A34,route,240
A33,A34,route,330
A34,A32,route,150
A34,A32,route,180
A34,A32,route,210
A34,A33,route,90
A34,A36,route,120
A34,A36,route,210
A34,E01,route,120
A36,228,transfer,180
A36,A34,route,90
A36,A34,route,120
A36,A34,route,150
A36,A34,route,180
A36,A34,route,210
A36,A38,route,120
A36,E01,transfer,300
A38,229,transfer,180
A38,418,transfer,180
A38,A36,route,120
A38,A40,route,180
A38,A40,route,210
A38,M22,transfer,180
A40,A38,route,180
A40,A38,route,210
A40,A38,route,240
A40,A41,route,120
A40,A41,route,150
A40,A41,route,180
A40,A41,route,210
A40,A41,route,240
A41,A40,route,120
A41,A42,route,90
A41,A42,route,120
A41,F18,route,90
A41,F20,route,150
A41,F20,route,180
A41,R29,transfer,90
A42,A41,route,90
A42,A41,route,120
A42,A41,route,150
A42,A41,route,180
A42,A41,route,210
A42,A43,route,120
A42,A46,route,270
A42,A46,route,300
A42,F20,route,90
A42,F20,route,120
A42,G36,route,90
A42,G36,route,120
A43,A42,route,90
A43,A42,route,120
A43,A42,route,150
A43,A42,route,180
A43,A44,route,90
A43,A44,route,120
A44,A43,route,90
A44,A45,route,90
A44,A45,route,120
A45,A44,route,90
A45,A44,route,120
A45,A46,route,60
A45,A46,route,90
A45,S01,transfer,180
A46,A42,route,300
A46,A42,route,330
A46,A42,route,360
A46,A45,route,60
A46,A47,route,90
A46,A47,route,120
A46,A48,route,120
A46,A48,route,150
A47,A46,route,90
A47,A46,route,120
A47,A48,route,90
A47,A48,route,120
A48,A46,route,180
A48,A46,route,210
A48,A47,route,90
A48,A47,route,120
A48,A49,route,120
A48,A51,route,180
A48,A51,route,210
A48,A51,route,240
A49,A48,route,90
A49,A48,route,120
A49,A50,route,90
A50,A49,route,90
A50,A49,route,120
A50,A51,route,90
A50,A51,route,120
A50,A51,route,150
A50,A51,route,180
A50,A51,route,210
A50,A51,route,240
A50,A51,route,270
A50,A51,route,360
A51,A48,route,180
A51,A48,route,210
A51,A48,route,330
A51,A50,route,60
A51,A50,route,90
A51,A52,route,120
A51,A55,route,240
A51,A55,route,270
A51,A55,route,300
A51,A55,route,330
A51,J27,transfer,180
A51,L22,transfer,180
A52,A51,route,120
A52,A51,route,150
A52,A51,route,180
A52,A53,route,90
A53,A52,route,90
A53,A52,route,120
A53,A54,route,90
A54,A53,route,90
A54,A53,route,120
A54,A53,route,150
A54,A55,route,90
A54,A55,route,180
A54,A55,route,210
A55,A51,route,240
A55,A51,route,270
A55,A51,route,330
A55,A51,route,360
A55,A54,route,90
A55,A54,route,120
A55,A57,route,90
A55,A57,route,180
A57,A55,route,90
A57,A55,route,120
A57,A55,route,150
A57,A55,route,180
A57,A55,route,210
A57,A55,route,240
A57,A55,route,270
A57,A59,route,90
A59,A57,route,60
A59,A57,route,90
A59,A60,route,60
A59,A60,route,90
A60,A59,route,60
A60,A59,route,90
A60,A59,route,120
A60,A61,route,60
A60,A61,route,90
A60,A61,route,150
A61,A60,route,60
A61,A60,route,90
A61,A63,route,90
A61,A63,route,120
A61,A63,route,150
A61,A63,route,180
A61,A63,route,210
A61,A63,route,240
A61,A63,route,270
A61,A63,route,390
A61,A63,route,420
A61,A63,route,450
A61,A63,route,480
A61,A63,route,510
A61,A63,route,540
A61,H02,route,240
A61,H02,route,270
A63,A61,route,90
A63,A61,route,120
A63,A64,route,90
A63,A64,route,120
A64,A63,route,60
A64,A63,route,90
A64,A65,route,60
A64,A65,route,90
A65,A64,route,60
A65,A64,route,90
B04,B06,route,120
B04,B06,route,150
B04,G14,route,360
B04,G14,route,390
B04,G14,route,420
B06,B04,route,120
B06,B04,route,150
B06,B04,route,180
B06,B04,route,210
B06,B04,route,240
B06,B04,route,270
B06,B08,route,150
B06,B08,route,180
B08,629,transfer,300
B08,B06,route,150
B08,B06,route,180
B08,B10,route,150
B08,B10,route,180
B08,B10,route,210
B08,B10,route,240
B08,B10,route,270
B08,R11,transfer,300
B10,B08,route,150
B10,B08,route,180
B10,B08,route,210
B10,B08,route,240
B10,B08,route,270
B10,D15,route,90
B10,D15,route,180
B12,B13,route,120
B12,B13,route,150
B12,R36,route,240
B12,R36,route,360
B13,B12,route,120
B13,B12,route,150
B13,B14,route,90
B14,B13,route,90
B14,B15,route,90
B14,B15,route,120
B15,B14,route,90
B15,B14,route,120
B15,B16,route,90
B15,B16,route,120
B16,B15,route,90
B16,B15,route,120
B16,B17,route,120
B16,N04,transfer,180
B17,B16,route,120
B17,B18,route,90
B17,B18,route,120
B18,B17,route,90
B18,B17,route,120
B18,B19,route,90
B19,B18,route,90
B19,B20,route,90
B20,B19,route,60
B20,B19,route,90
B20,B21,route,60
B20,B21,route,90
B20,B21,route,120
B20,B21,route,150
B20,B21,route,180
B20,B21,route,420
B21,B20,route,60
B21,B20,route,90
B21,B22,route,90
B22,B21,route,90
B22,B21,route,150
B22,B23,route,120
B22,B23,route,150
B22,B23,route,180
B22,B23,route,210
B22,B23,route,240
B22,B23,route,270
B22,B23,route,300
B22,B23,route,330
B22,B23,route,360
B22,B23,route,390
B22,B23,route,420
B22,B23,route,480
B22,B23,route,510
B23,B22,route,120
B23,B22,route,150
B23,D43,route,240
D01,D03,route,240
D03,D01,route,150
D03,D04,route,90
D03,D04,route,120
D04,D03,route,120
D04,D03,route,240
D04,D05,route,60
D04,D05,route,90
D04,D05,route,120
D05,D04,route,90
D05,D06,route,90
D05,D07,route,150
D06,D05,route,90
D06,D07,route,90
D06,D07,route,120
D07,D05,route,150
D07,D05,route,210
D07,D06,route,90
D07,D08,route,90
D07,D13,route,450
D07,D13,route,510
D08,D07,route,90
D08,D07,route,120
D08,D07,route,150
D08,D07,route,180
D08,D07,route,210
D08,D07,route,240
D08,D07,route,270
D08,D07,route,450
D08,D09,route,150
D09,D08,route,120
D09,D08,route,150
D09,D10,route,120
D10,D09,route,120
D10,D11,route,150
D11,414,transfer,180
D11,D10,route,150
D11,D12,route,90
D11,D12,route,120
D12,D11,route,90
D12,D11,route,120
D12,D13,route,90
D12,D13,route,120
D13,A12,transfer,180
D13,A14,route,120
D13,A14,route,150
D13,A15,route,210
D13,A15,route,240
D13,A15,route,270
D13,D07,route,600
D13,D12,route,90
D14,A24,route,90
D14,A24,route,120
D14,A24,route,150
D14,A24,route,180
D14,A24,route,210
D14,A24,route,270
D14,A24,route,300
D14,A24,route,360
D14,A25,route,90
D14,A25,route,120
D14,A25,route,150
D14,A25,route,180
D14,A25,route,210
D14,A25,route,240
D14,A25,route,270
D14,A25,route,330
D14,A25,route,360
D14,D15,route,90
D14,D15,route,120
D14,D15,route,150
D14,D15,route,180
D14,D15,route,210
D14,D15,route,240
D14,F12,route,60
D14,F12,route,90
D14,F12,route,120
D14,F12,route,150
D15,B10,route,90
D15,B10,route,120
D15,B10,route,150
D15,B10,route,180
D15,D14,route,90
D15,D14,route,120
D15,D14,route,150
D15,D14,route,180
D15,D14,route,210
D15,D14,route,240
D15,D16,route,90
D15,F12,route,120
D15,F12,route,150
D15,F12,route,180
D15,F12,route,210
D15,F12,route,240
D15,F12,route,270
D15,F12,route,300
D16,724,transfer,180
D16,D15,route,90
D16,D15,route,120
D16,D15,route,150
D16,D15,route,180
D16,D17,route,90
D16,D17,route,120
D17,D16,route,90
D17,D16,route,120
D17,D18,route,90
D17,D18,route,120
D17,D20,route,180
D17,D20,route,210
D17,D20,route,240
D17,R17,transfer,180
D18,D17,route,90
D18,D17,route,120
D18,D19,route,90
D19,132,transfer,300
D19,D18,route,90
D19,D20,route,90
D19,D20,route,120
D19,D20,route,150
D19,D20,route,210
D19,D20,route,240
D19,L02,transfer,180
D20,A32,transfer,180
D20,D17,route,180
D20,D19,route,90
D20,D21,route,120
D20,D21,route,150
D21,637,transfer,180
D21,D20,route,120
D21,D20,route,150
D21,D20,route,180
D21,D20,route,210
D21,D20,route,240
D21,D22,route,120
D21,F14,route,90
D21,M18,route,180
D21,M18,route,210
D21,M18,route,240
D21,M18,route,270
D21,M18,route,300
D21,M18,route,360
D22,D21,route,120
D22,D21,route,150
D22,R30,route,480
D22,R30,route,510
D22,R30,route,540
D22,R30,route,570
D22,R30,route,600
D22,R31,route,630
D22,R31,route,660
D22,R31,route,690
D22,R31,route,720
D22,R31,route,750
D22,R31,route,780
D22,R31,route,840
D22,R31,route,870
D24,235,transfer,180
D24,D25,route,120
D24,D25,route,150
D24,R30,route,90
D24,R30,route,120
D24,R30,route,210
D24,R31,transfer,300
D25,D24,route,120
D25,D24,route,150
D25,D26,route,240
D25,D26,route,270
D26,D25,route,210
D26,D25,route,240
D26,D25,route,270
D26,D25,route,300
D26,D27,route,90
D26,D27,route,120
D26,D28,route,120
D26,S04,route,180
D27,D26,route,90
D27,D26,route,150
D27,D26,route,360
D27,D28,route,60
D27,D28,route,90
D28,D26,route,120
D28,D26,route,180
D28,D26,route,390
D28,D27,route,90
D28,D29,route,90
D28,D29,route,120
D28,D31,route,150
D29,D28,route,90
D29,D30,route,30
D29,D30,route,60
D30,D29,route,30
D30,D29,route,60
D30,D31,route,90
D30,D31,route,120
D31,D28,route,150
D31,D28,route,180
D31,D30,route,90
D31,D32,route,60
D31,D32,route,90
D31,D35,route,240
D31,D35,route,270
D32,D31,route,60
D32,D31,route,90
D32,D33,route,60
D32,D33,route,90
D33,D32,route,60
D33,D32,route,90
D33,D34,route,90
D33,D34,route,120
D34,D33,route,90
D34,D33,route,120
D34,D35,route,120
D34,D35,route,150
D34,D35,route,210
D35,D31,route,270
D35,D31,route,300
D35,D34,route,120
D35,D34,route,150
D35,D37,route,150
D35,D37,route,180
D35,D39,route,330
D35,D39,route,360
D35,D39,route,390
D35,D39,route,420
D35,D39,route,510
D35,D39,route,540
D37,D35,route,120
D37,D35,route,150
D37,D35,route,180
D37,D35,route,210
D37,D38,route,60
D38,D37,route,60
D38,D39,route,150
D39,D35,route,240
D39,D35,route,270
D39,D38,route,120
D39,D38,route,150
D39,D40,route,120
D39,D40,route,150
D39,D40,route,180
D39,D40,route,210
D39,D40,route,240
D39,D40,route,270
D39,D40,route,300
D39,D40,route,330
D39,D40,route,420
D40,D39,route,120
D40,D41,route,120
D41,D40,route,120
D41,D42,route,120
D42,D41,route,90
D42,D43,route,90
D42,F39,route,90
D43,B23,route,240
D43,D42,route,90
D43,N10,route,240
D43,N10,route,270
D43,N10,route,330
D43,N10,route,360
D43,N10,route,540
E01,228,transfer,180
E01,A34,route,120
E01,A34,route,150
E01,A34,route,180
E01,A34,route,210
E01,A34,route,240
E01,A36,transfer,300
F01,F02,route,90
F01,F02,route,120
F01,F03,route,150
F01,F03,route,180
F02,F01,route,120
F02,F03,route,120
F03,F01,route,180
F03,F02,route,90
F03,F02,route,120
F03,F02,route,150
F03,F02,route,180
F03,F02,route,210
F03,F02,route,240
F03,F02,route,270
F03,F02,route,300
F03,F02,route,330
F03,F02,route,360
F03,F02,route,390
F03,F02,route,420
F03,F02,route,480
F03,F02,route,510
F03,F04,route,60
F03,F04,route,90
F03,F06,route,210
F03,F06,route,240
F04,F03,route,60
F04,F03,route,120
F04,F03,route,150
F04,F03,route,180
F04,F03,route,210
F04,F03,route,240
F04,F03,route,270
F04,F03,route,300
F04,F03,route,360
F04,F03,route,480
F04,F03,route,510
F04,F05,route,120
F05,F04,route,60
F05,F04,route,90
F05,F04,route,120
F05,F06,route,90
F05,F06,route,120
F05,G07,route,90
F06,F03,route,210
F06,F03,route,240
F06,F05,route,120
F06,F05,route,360
F06,F07,route,90
F06,F07,route,120
F06,G07,route,180
F06,G07,route,270
F06,G08,route,120
F06,G08,route,150
F06,G08,route,180
F07,F06,route,90
F07,G08,route,90
F07,G08,route,120
F07,G08,route,150
F07,G08,route,210
F07,G08,route,240
F09,719,transfer,300
F09,F11,route,180
F09,F11,route,210
F09,G21,route,90
F09,G21,route,120
F09,G21,route,150
F09,G21,route,180
F09,G21,route,210
F09,G22,transfer,180
F11,630,transfer,180
F11,F09,route,180
F11,F09,route,210
F11,F12,route,90
F11,F12,route,120
F12,D14,route,90
F12,D14,route,120
F12,D15,route,120
F12,D15,route,150
F12,D15,route,180
F12,D15,route,210
F12,D15,route,240
F12,D15,route,270
F12,F11,route,90
F12,F11,route,120
F12,F11,route,150
F14,D21,route,90
F14,F15,route,90
F14,F15,route,120
F15,F14,route,90
F15,F16,route,90
F15,M18,transfer,180
F16,F15,route,60
F16,F15,route,90
F16,F18,route,150
F16,F18,route,180
F18,A41,route,90
F18,A41,route,120
F18,A41,route,150
F18,A41,route,180
F18,A41,route,210
F18,F16,route,150
F18,F16,route,180
F18,F16,route,210
F18,F16,route,240
F20,A41,route,120
F20,A41,route,150
F20,A41,route,180
F20,A41,route,210
F20,A41,route,240
F20,A41,route,270
F20,A42,route,90
F20,A42,route,120
F20,A42,route,150
F20,A42,route,180
F20,A42,route,210
F20,A42,route,240
F20,A42,route,270
F20,F21,route,90
F20,F21,route,120
F21,F20,route,90
F21,F20,route,120
F21,F22,route,90
F21,F22,route,120
F21,F22,route,150
F22,F21,route,120
F22,F23,route,90
F22,F23,route,120
F22,F23,route,150
F23,F22,route,90
F23,F22,route,120
F23,F24,route,90
F23,F24,route,120
F23,R33,transfer,180
F24,F23,route,90
F24,F23,route,120
F24,F23,route,150
F24,F25,route,90
F25,F24,route,90
F25,F24,route,120
F25,F24,route,150
F25,F26,route,120
F25,F26,route,150
F26,F25,route,150
F26,F25,route,180
F26,F25,route,210
F26,F27,route,90
F26,F27,route,120
F26,F27,route,150
F26,F27,route,180
F26,F27,route,210
F27,F26,route,90
F27,F26,route,120
F27,F29,route,120
F29,F27,route,120
F29,F30,route,120
F30,F29,route,90
F30,F29,route,120
F30,F31,route,60
F31,F30,route,60
F31,F30,route,90
F31,F32,route,60
F32,F31,route,60
F32,F33,route,120
F33,F32,route,90
F33,F32,route,120
F33,F34,route,90
F34,F33,route,90
F34,F35,route,90
F34,F35,route,120
F34,F35,route,150
F34,F35,route,180
F34,F35,route,210
F34,F35,route,240
F34,F35,route,270
F34,F35,route,300
F34,F35,route,330
F34,F35,route,360
F34,F35,route,390
F34,F35,route,420
F34,F35,route,540
F35,F34,route,90
F35,F36,route,120
F36,F35,route,120
F36,F35,route,150
F36,F35,route,180
F36,F35,route,210
F36,F35,route,240
F36,F38,route,120
F36,F38,route,150
F36,F38,route,180
F36,F38,route,210
F36,F38,route,240
F36,F38,route,270
F36,F38,route,300
F36,F38,route,330
F36,F38,route,360
F36,F38,route,390
F36,F38,route,420
F36,F38,route,540
F38,F36,route,90
F38,F36,route,120
F38,F39,route,120
F38,F39,route,150
F39,D42,route,90
F39,F38,route,120
F39,F38,route,150
F39,F38,route,180
G05,G06,route,60
G05,G06,route,90
G05,G06,route,120
G05,G06,route,150
G05,G06,route,180
G05,G06,route,210
G06,G05,route,60
G06,G05,route,120
G06,G05,route,150
G06,G07,route,120
G06,G07,route,150
G06,J12,route,240
G06,J13,route,300
G07,F05,route,90
G07,F06,route,180
G07,F06,route,210
G07,F06,route,240
G07,F06,route,270
G07,F06,route,300
G07,G06,route,150
G07,G06,route,180
G07,G06,route,210
G07,G06,route,240
G07,G06,route,270
G07,G06,route,300
G07,G06,route,330
G07,G06,route,360
G07,G06,route,390
G07,G06,route,420
G07,G06,route,480
G07,G06,route,510
G07,G06,route,540
G07,G06,route,570
G07,G06,route,600
G08,F06,route,150
G08,F06,route,180
G08,F06,route,210
G08,F06,route,270
G08,F07,route,120
G08,G09,route,90
G08,G09,route,120
G08,G14,route,420
G08,G14,route,450
G08,G14,route,480
G08,G14,route,510
G09,G08,route,90
G09,G08,route,120
G09,G08,route,150
G09,G08,route,210
G09,G10,route,90
G09,G10,route,120
G10,G09,route,90
G10,G09,route,120
G10,G11,route,60
G10,G11,route,90
G11,G10,route,60
G11,G10,route,90
G11,G12,route,90
G11,G12,route,120
G12,G11,route,90
G12,G11,route,120
G12,G13,route,90
G13,G12,route,90
G13,G14,route,90
G13,G14,route,120
G14,710,transfer,180
G14,B04,route,390
G14,B04,route,420
G14,B04,route,450
G14,B04,route,480
G14,B04,route,510
G14,G08,route,420
G14,G08,route,450
G14,G08,route,510
G14,G13,route,90
G14,G13,route,120
G14,G15,route,90
G14,G21,route,360
G14,G21,route,390
G14,G21,route,420
G14,G21,route,450
G15,G14,route,90
G15,G14,route,120
G15,G14,route,150
G15,G14,route,180
G15,G14,route,210
G15,G14,route,240
G15,G14,route,270
G15,G14,route,300
G15,G14,route,330
G15,G14,route,390
G15,G14,route,420
G15,G14,route,450
G15,G16,route,90
G16,G15,route,60
G16,G15,route,90
G16,G18,route,90
G18,G16,route,90
G18,G19,route,90
G18,G19,route,120
G19,G18,route,90
G19,G18,route,120
G19,G20,route,120
G20,G19,route,120
G20,G21,route,120
G20,G21,route,150
G20,G21,route,180
G20,G21,route,210
G20,G21,route,240
G20,G21,route,270
G21,F09,route,90
G21,F09,route,120
G21,F09,route,150
G21,F09,route,180
G21,G14,route,330
G21,G14,route,360
G21,G14,route,390
G21,G14,route,420
G21,G14,route,450
G21,G20,route,120
G21,G20,route,150
G21,R11,route,330
G21,R11,route,360
G21,R11,route,390
G21,R11,route,420
G21,R11,route,450
G21,R11,route,480
G21,R11,route,510
G21,R11,route,540
G22,719,transfer,180
G22,F09,transfer,180
G22,G24,route,60
G24,G22,route,60
G24,G26,route,150
G24,G26,route,180
G26,G24,route,150
G26,G24,route,180
G26,G28,route,60
G26,G28,route,90
G28,G26,route,60
G28,G26,route,90
G28,G29,route,150
G28,G29,route,180
G28,G29,route,210
G29,G28,route,150
G29,G28,route,180
G29,G28,route,210
G29,G30,route,90
G29,G30,route,120
G29,L10,transfer,180
G30,G29,route,60
G30,G29,route,90
G30,G31,route,60
G30,G31,route,90
G31,G30,route,60
G31,G30,route,90
G31,G32,route,60
G31,G32,route,90
G32,G31,route,60
G32,G31,route,90
G32,G33,route,90
G32,G33,route,120
G32,G33,route,180
G33,G32,route,90
G33,G32,route,120
G33,G34,route,60
G34,G33,route,60
G34,G35,route,90
G35,G34,route,90
G35,G36,route,90
G36,A42,route,90
G36,A42,route,120
G36,A42,route,150
G36,A42,route,180
G36,A42,route,210
G36,A42,route,240
G36,A42,route,330
G36,G35,route,90
H01,A61,route,180
H01,A61,route,210
H01,A61,route,240
H01,A61,route,270
H02,H01,route,30
H02,H01,route,60
H02,H03,route,120
H02,H03,route,150
H02,H03,route,180
H02,H03,route,300
H03,H02,route,120
H03,H02,route,150
H03,H04,route,390
H03,H04,route,510
H04,H03,route,390
H04,H03,route,420
H04,H03,route,450
H04,H03,route,480
H04,H03,route,510
H04,H06,route,240
H04,H06,route,270
H04,H06,route,300
H04,H06,route,330
H04,H06,route,360
H04,H06,route,390
H04,H06,route,450
H04,H06,route,480
H04,H12,route,240
H04,H12,route,360
H04,H12,route,390
H06,H04,route,240
H06,H07,route,90
H06,H07,route,120
H06,H07,route,150
H06,H07,route,180
H06,H07,route,210
H06,H07,route,240
H06,H07,route,300
H06,H07,route,330
H07,H06,route,90
H07,H06,route,120
H07,H06,route,240
H07,H08,route,120
H08,H07,route,120
H08,H07,route,150
H08,H09,route,90
H09,H08,route,90
H09,H10,route,120
H10,H09,route,90
H10,H09,route,120
H10,H11,route,90
H11,H10,route,90
H11,H10,route,120
H12,H04,route,210
H12,H04,route,300
H12,H04,route,330
H12,H04,route,360
H12,H13,route,90
H13,H12,route,90
H13,H12,route,120
H13,H14,route,60
H13,H14,route,90
H14,H13,route,90
H14,H13,route,120
H14,H15,route,90
H14,H15,route,120
H15,H14,route,120
H15,H14,route,150
J12,G06,route,240
J12,J13,route,90
J12,J14,route,180
J13,G06,route,300
J13,J12,route,90
J13,J12,route,150
J13,J14,route,120
J13,J15,route,180
J14,J12,route,180
J14,J13,route,120
J14,J15,route,90
J15,J13,route,180
J15,J14,route,90
J15,J16,route,90
J15,J16,route,120
J15,J17,route,180
J16,J15,route,90
J16,J15,route,120
J16,J17,route,90
J16,J19,route,150
J17,J15,route,180
J17,J16,route,90
J17,J19,route,60
J17,J19,route,90
J17,J20,route,150
J19,J16,route,150
J19,J17,route,60
J19,J17,route,90
J19,J20,route,90
J19,J20,route,120
J20,J17,route,150
J20,J19,route,90
J20,J19,route,120
J20,J21,route,90
J20,J21,route,120
J20,J22,route,150
J21,J20,route,90
J21,J20,route,120
J21,J22,route,60
J21,J22,route,90
J21,J23,route,150
J22,J20,route,150
J22,J21,route,60
J22,J23,route,90
J22,J24,route,150
J23,J21,route,150
J23,J22,route,90
J23,J24,route,60
J23,J24,route,90
J24,J22,route,150
J24,J23,route,60
J24,J23,route,90
J24,J27,route,90
J24,J27,route,120
J24,J27,route,150
J24,J27,route,180
J24,J27,route,210
J24,J27,route,240
J27,A51,transfer,180
J27,J24,route,90
J27,J24,route,120
J27,J28,route,60
J27,J28,route,90
J27,J29,route,150
J27,L22,transfer,180
J28,J27,route,60
J28,J27,route,90
J28,J27,route,150
J28,J27,route,210
J28,J29,route,90
J28,J30,route,150
J29,J27,route,150
J29,J28,route,90
J29,J30,route,90
J29,J31,route,150
J30,J28,route,150
J30,J29,route,90
J30,J31,route,90
J30,M11,route,180
J30,M11,route,240
J31,J29,route,150
J31,J30,route,90
J31,M11,route,90
J31,M11,route,120
L01,A31,transfer,90
L01,L02,route,90
L02,132,transfer,180
L02,D19,transfer,180
L02,L01,route,60
L02,L01,route,90
L02,L03,route,90
L02,L03,route,120
L03,635,transfer,180
L03,L02,route,90
L03,L05,route,30
L03,L05,route,60
L03,R20,transfer,180
L05,L03,route,60
L05,L03,route,90
L05,L03,route,180
L05,L03,route,240
L05,L06,route,60
L06,L05,route,60
L06,L08,route,240
L08,L06,route,240
L08,L10,route,90
L08,L10,route,120
L08,L10,route,150
L08,L10,route,180
L08,L10,route,210
L10,G29,transfer,180
L10,L08,route,90
L10,L08,route,120
L10,L11,route,60
L11,L10,route,60
L11,L10,route,90
L11,L10,route,120
L11,L12,route,90
L12,L11,route,60
L12,L11,route,90
L12,L13,route,60
L13,L12,route,60
L13,L14,route,90
L13,L14,route,120
L14,L13,route,90
L14,L13,route,120
L14,L15,route,120
L15,L14,route,120
L15,L14,route,150
L15,L16,route,90
L16,L15,route,60
L16,L15,route,90
L16,L17,route,90
L16,L17,route,120
L16,L17,route,150
L16,L17,route,180
L16,L17,route,210
L16,L17,route,240
L17,L16,route,90
L17,L16,route,120
L17,L19,route,90
L17,M08,transfer,180
L19,L17,route,90
L19,L17,route,150
L19,L20,route,150
L20,L19,route,120
L20,L19,route,150
L20,L21,route,90
L21,L20,route,90
L21,L22,route,60
L21,L22,route,90
L21,L22,route,120
L21,L22,route,150
L21,L22,route,180
L21,L22,route,270
L21,L22,route,300
L22,A51,transfer,180
L22,J27,transfer,180
L22,L21,route,60
L22,L24,route,60
L22,L24,route,90
L24,L22,route,90
L24,L22,route,120
L24,L22,route,150
L24,L22,route,180
L24,L22,route,210
L24,L22,route,240
L24,L25,route,90
L25,L24,route,90
L25,L26,route,60
L25,L26,route,90
L26,254,transfer,300
L26,L25,route,90
L26,L27,route,90
L27,L26,route,90
L27,L28,route,120
L27,L28,route,150
L27,L28,route,180
L27,L28,route,240
L28,L27,route,120
L28,L27,route,150
L28,L29,route,90
L29,L28,route,90
L29,L28,route,120
L29,L28,route,150
M01,M04,route,120
M04,M01,route,120
M04,M05,route,90
M04,M05,route,120
M05,M04,route,90
M05,M04,route,120
M05,M06,route,60
M05,M06,route,90
M06,M05,route,60
M06,M05,route,90
M06,M08,route,90
M08,L17,transfer,180
M08,M06,route,90
M08,M09,route,120
M09,M08,route,120
M09,M08,route,150
M09,M08,route,180
M09,M08,route,210
M09,M08,route,240
M09,M08,route,270
M09,M08,route,300
M09,M08,route,330
M09,M08,route,360
M09,M08,route,420
M09,M10,route,120
M10,M09,route,90
M10,M11,route,120
M10,M11,route,150
M10,M11,route,180
M10,M11,route,210
M10,M11,route,240
M11,J30,route,180
M11,J31,route,90
M11,J31,route,120
M11,M10,route,150
M11,M12,route,90
M11,M16,route,240
M12,M11,route,60
M12,M11,route,90
M12,M11,route,120
M12,M11,route,150
M12,M11,route,180
M12,M11,route,210
M12,M11,route,240
M12,M13,route,90
M12,M13,route,120
M13,M12,route,90
M13,M14,route,60
M13,M14,route,90
M14,M13,route,90
M14,M16,route,60
M14,M16,route,90
M14,M16,route,120
M14,M16,route,180
M16,M11,route,240
M16,M11,route,270
M16,M11,route,300
M16,M11,route,330
M16,M11,route,390
M16,M14,route,60
M16,M18,route,450
M16,M18,route,480
M16,M18,route,510
M16,M18,route,540
M16,M18,route,570
M18,D21,route,180
M18,D21,route,210
M18,D21,route,240
M18,D21,route,270
M18,D21,route,300
M18,F15,transfer,180
M18,M16,route,450
M18,M16,route,540
M18,M16,route,570
M18,M19,route,90
M19,M18,route,90
M19,M18,route,120
M19,M18,route,150
M19,M18,route,180
M19,M18,route,210
M19,M18,route,240
M19,M20,route,90
M19,M20,route,120
M20,639,transfer,180
M20,M19,route,120
M20,M19,route,150
M20,M21,route,90
M20,M21,route,120
M20,M21,route,150
M20,Q01,transfer,180
M20,R23,transfer,300
M21,640,transfer,180
M21,M20,route,120
M21,M22,route,60
M21,M22,route,90
M22,229,transfer,300
M22,418,transfer,300
M22,A38,transfer,180
M22,M21,route,90
M22,M21,route,120
M22,M23,route,90
M22,M23,route,120
M23,M22,route,90
M23,M22,route,120
N02,N03,route,90
N02,R41,route,180
N02,R41,route,240
N02,R41,route,300
N03,N02,route,60
N03,N02,route,90
N03,N04,route,120
N04,B16,transfer,180
N04,N03,route,120
N04,N03,route,150
N04,N05,route,90
N05,N04,route,90
N05,N06,route,90
N06,N05,route,60
N06,N05,route,90
N06,N07,route,90
N07,N06,route,90
N07,N08,route,120
N08,N07,route,120
N08,N09,route,120
N09,N08,route,90
N09,N08,route,120
N09,N10,route,60
N09,N10,route,90
N09,N10,route,120
N09,N10,route,150
N09,N10,route,180
N09,N10,route,210
N09,N10,route,240
N09,N10,route,270
N09,N10,route,300
N09,N10,route,330
N09,N10,route,360
N09,N10,route,420
N09,N10,route,480
N10,D43,route,240
N10,N09,route,60
Q01,639,transfer,180
Q01,M20,transfer,180
Q01,R20,route,240
Q01,R20,route,270
Q01,R22,route,120
Q01,R23,transfer,180
Q01,R30,route,480
Q01,R30,route,510
Q01,R30,route,540
Q01,R30,route,570
Q01,R30,route,600
Q01,R30,route,660
Q01,R31,route,660
Q01,R31,route,690
Q01,R31,route,720
Q01,R31,route,750
Q01,R31,route,780
Q01,R31,route,810
R01,R03,route,90
R01,R03,route,120
R03,R01,route,90
R03,R01,route,120
R03,R04,route,60
R03,R04,route,90
R04,R03,route,60
R04,R03,route,90
R04,R05,route,90
R04,R05,route,120
R05,R04,route,90
R05,R04,route,120
R05,R06,route,90
R05,R06,route,120
R06,R05,route,90
R06,R05,route,120
R06,R08,route,60
R06,R08,route,90
R08,R06,route,60
R08,R06,route,90
R08,R09,route,120
R08,R09,route,150
R08,R09,route,180
R08,R09,route,210
R08,R09,route,240
R08,R09,route,270
R09,718,transfer,0
R09,R08,route,120
R09,R11,route,270
R09,R11,route,300
R09,R11,route,330
R11,629,transfer,180
R11,B08,transfer,300
R11,G21,route,330
R11,G21,route,360
R11,G21,route,390
R11,G21,route,420
R11,G21,route,450
R11,G21,route,480
R11,G21,route,510
R11,G21,route,540
R11,G21,route,570
R11,G21,route,600
R11,G21,route,630
R11,R09,route,270
R11,R09,route,300
R11,R09,route,330
R11,R09,route,360
R11,R09,route,390
R11,R09,route,420
R11,R09,route,450
R11,R09,route,480
R11,R09,route,510
R11,R13,route,90
R11,R13,route,120
R13,R11,route,90
R13,R11,route,120
R13,R14,route,150
R13,R14,route,180
R13,R14,route,210
R13,R14,route,240
R13,R14,route,270
R13,R14,route,330
R14,R13,route,150
R14,R13,route,180
R14,R15,route,90
R14,R15,route,120
R14,R16,route,150
R14,R16,route,180
R15,R14,route,90
R15,R14,route,120
R15,R16,route,90
R15,R16,route,120
R16,127,transfer,180
R16,725,transfer,180
R16,902,transfer,180
R16,A27,transfer,300
R16,R14,route,150
R16,R14,route,180
R16,R15,route,90
R16,R17,route,90
R16,R17,route,120
R16,R17,route,150
R16,R17,route,180
R16,R17,route,210
R16,R17,route,240
R17,D17,transfer,180
R17,R16,route,90
R17,R16,route,120
R17,R16,route,150
R17,R16,route,180
R17,R16,route,210
R17,R16,route,240
R17,R16,route,270
R17,R18,route,60
R17,R20,route,150
R17,R20,route,180
R17,R20,route,210
R18,R17,route,60
R18,R17,route,90
R18,R17,route,120
R18,R17,route,150
R18,R17,route,180
R18,R19,route,60
R18,R19,route,90
R19,R18,route,60
R19,R18,route,90
R19,R20,route,90
R19,R20,route,120
R20,635,transfer,180
R20,L03,transfer,180
R20,Q01,route,240
R20,Q01,route,270
R20,Q01,route,300
R20,Q01,route,360
R20,R17,route,150
R20,R17,route,180
R20,R17,route,210
R20,R17,route,240
R20,R17,route,270
R20,R17,route,300
R20,R19,route,90
R20,R19,route,120
R20,R21,route,90
R20,R21,route,120
R21,R20,route,90
R21,R20,route,120
R21,R22,route,90
R21,R22,route,120
R21,R22,route,150
R22,Q01,route,120
R22,Q01,route,180
R22,Q01,route,240
R22,R21,route,90
R22,R21,route,120
R22,R21,route,150
R22,R23,route,90
R22,R23,route,150
R22,R23,route,210
R23,639,transfer,180
R23,M20,transfer,300
R23,Q01,transfer,180
R23,R22,route,90
R23,R24,route,150
R24,R23,route,150
R24,R23,route,180
R24,R23,route,210
R24,R23,route,240
R24,R23,route,270
R24,R25,route,120
R25,R24,route,90
R25,R24,route,120
R25,R26,route,60
R25,R26,route,90
R25,R26,route,120
R26,R25,route,60
R26,R25,route,90
R26,R27,route,120
R26,R27,route,150
R26,R27,route,180
R26,R27,route,210
R26,R27,route,240
R27,140,transfer,120
R27,R26,route,90
R27,R26,route,120
R27,R28,route,210
R27,R28,route,240
R28,232,transfer,180
R28,423,transfer,180
R28,R27,route,210
R28,R27,route,240
R28,R27,route,300
R28,R29,route,120
R28,R29,route,150
R29,A41,transfer,90
R29,R28,route,90
R29,R28,route,120
R29,R30,route,90
R29,R30,route,120
R29,R30,route,150
R29,R30,route,180
R29,R30,route,210
R29,R30,route,240
R29,R30,route,300
R30,D22,route,480
R30,D22,route,510
R30,D22,route,540
R30,D24,route,90
R30,D24,route,120
R30,Q01,route,480
R30,Q01,route,510
R30,Q01,route,540
R30,Q01,route,570
R30,Q01,route,600
R30,Q01,route,630
R30,R29,route,90
R30,R29,route,120
R30,R31,route,180
R30,R31,route,210
R30,R31,route,240
R30,R31,route,300
R31,235,transfer,180
R31,D22,route,630
R31,D22,route,660
R31,D22,route,720
R31,D24,transfer,300
R31,Q01,route,630
R31,Q01,route,660
R31,Q01,route,690
R31,Q01,route,720
R31,Q01,route,750
R31,R30,route,180
R31,R30,route,210
R31,R30,route,240
R31,R30,route,270
R31,R30,route,300
R31,R32,route,120
R31,R36,route,330
R31,R36,route,360
R32,R31,route,120
R32,R31,route,180
R32,R31,route,240
R32,R33,route,90
R33,F23,transfer,180
R33,R32,route,90
R33,R32,route,120
R33,R34,route,120
R34,R33,route,90
R34,R33,route,120
R34,R35,route,90
R35,R34,route,90
R35,R36,route,90
R35,R36,route,210
R36,B12,route,240
R36,R31,route,300
R36,R31,route,330
R36,R31,route,360
R36,R35,route,90
R36,R35,route,120
R36,R39,route,120
R36,R39,route,150
R36,R41,route,210
R36,R41,route,270
R36,R41,route,300
R39,R36,route,150
R39,R36,route,270
R39,R40,route,90
R40,R39,route,90
R40,R41,route,90
R40,R41,route,120
R40,R41,route,150
R40,R41,route,180
R40,R41,route,210
R40,R41,route,240
R41,N02,route,180
R41,R36,route,270
R41,R40,route,90
R41,R42,route,120
R41,R42,route,150
R42,R41,route,120
R42,R41,route,150
R42,R41,route,210
R42,R41,route,240
R42,R43,route,90
R43,R42,route,90
R43,R44,route,120
R43,R44,route,180
R43,R44,route,210
R43,R44,route,240
R43,R44,route,270
R43,R44,route,300
R43,R44,route,360
R44,R43,route,120
R44,R45,route,90
R44,R45,route,120
R45,R44,route,90
R45,R44,route,120
S01,A45,transfer,180
S01,S03,route,120
S03,S01,route,120
S03,S04,route,90
S04,239,transfer,180
S04,D26,route,180
S04,S03,route,120
S09,S10,route,120
S10,S09,route,120
S10,S12,route,60
S12,S10,route,60
S12,S13,route,120
S13,S12,route,120
S13,S14,route,120
S14,S13,route,120
S14,S15,route,120
S15,S14,route,120
S15,S16,route,120
S16,S15,route,120
S16,S17,route,120
S17,S16,route,120
S17,S18,route,120
S18,S17,route,120
S18,S19,route,120
S19,S18,route,120
S19,S20,route,120
S20,S19,route,120
S20,S21,route,120
S21,S20,route,120
S21,S22,route,120
S22,S21,route,120
S22,S23,route,120
S22,S31,route,660
S23,S22,route,120
S23,S24,route,60
S24,S23,route,60
S24,S25,route,120
S25,S24,route,120
S25,S26,route,120
S26,S25,route,120
S26,S27,route,120
S27,S26,route,120
S27,S28,route,180
S28,S27,route,180
S28,S29,route,120
S29,S28,route,120
S29,S30,route,120
S30,S29,route,120
S30,S31,route,180
31,S19,route,840
31,S22,route,660
31,S30,route,180
S31,140,route,1500
